	Canada	Lithuania	Cambodia	Ethiopia	Argentina	Bolivia	Cameroon	Ghana	Saudi Arabia	Cape Verde	Guatemala	Germany	Spain	Liberia	Netherlands	Paraguay	Pakistan	Tanzania	New Zealand	Yemen	Jamaica	Albania	Samoa	Guam	India	Azerbaijan	Kenya	South Korea	Turkey	Afghanistan	Bangladesh	Saint Lucia	France	Bermuda	Somalia	Peru	Laos	Norway	Singapore	China	Armenia	Dominican Republic	Ukraine	Tonga	Finland	Indonesia	United States	Sweden	Vietnam	Russia	Bulgaria	Romania	Portugal	South Africa	Nicaragua	Malaysia	Austria	Uganda	Japan	Brazil	Kuwait	Panama	Guyana	Costa Rica	American Samoa	Bahamas	Ireland	Syria	Nigeria	Ecuador	Czech Republic	Australia	Iran	Algeria	Chile	Puerto Rico	Belgium	Thailand	Haiti	Iraq	Hong Kong	Sierra Leone	Georgia	Denmark	Philippines	Moldova	Morocco	Croatia	Switzerland	Grenada	Belize	Uruguay	Lebanon	Uzbekistan	Dominica	Colombia	Taiwan	Cyprus	Barbados	Italy	Sudan	Nepal	Venezuela	Israel	Senegal	Zimbabwe	Jordan	Poland	Eritrea	Macedonia	North Korea	Trinidad and Tobago	Latvia	Hungary	Belarus	Honduras	Myanmar	Mexico	Egypt	Cuba	United Kingdom	Greece	Sri Lanka	Fiji
Canada	28463	352	88	23	902	81	15	38	133	2	32	7266	1616	2	2937	46	1616	20	1383	9	125	36	0	2	16525	63	145	320	1118	18	513	1	3117	24	0	131	0	1171	1074	1577	180	115	1215	0	547	528	69229	2440	348	1989	530	1203	1068	1295	26	522	820	49	766	2831	37	22	3	143	1	5	1459	75	176	60	979	5366	965	59	318	66	1387	325	2	15	368	0	211	1378	1132	111	131	322	1308	0	3	162	176	43	0	337	320	78	7	2151	5	280	150	2452	7	12	116	1958	0	107	2	0	241	487	327	22	65	765	473	37	17814	540	544	9
Lithuania	220	737	7	1	19	0	0	1	3	0	2	314	90	1	168	1	138	0	34	2	4	4	0	0	1196	10	11	15	53	2	33	0	152	0	0	4	0	53	54	57	11	5	59	0	29	54	1559	95	26	98	35	83	43	67	2	31	43	2	23	80	3	1	0	3	0	0	54	2	8	4	43	197	85	3	8	1	66	13	1	1	17	0	11	72	60	6	7	16	64	0	0	4	16	0	0	17	18	4	1	103	0	19	7	99	0	1	6	117	0	7	0	0	7	23	22	0	5	26	19	1	686	31	54	0
Cambodia	65	4	251	0	10	0	1	1	3	0	0	85	15	0	44	0	35	0	18	0	1	0	0	0	361	0	1	15	11	0	14	0	34	0	0	2	0	9	11	21	0	1	12	0	5	10	519	28	9	20	4	15	8	17	0	17	4	0	10	39	0	1	0	2	0	0	19	1	5	0	10	54	8	1	1	0	23	2	0	1	4	0	3	16	35	1	1	3	14	0	0	2	0	0	0	4	1	0	1	43	3	9	2	30	0	0	0	22	0	2	0	0	0	9	2	0	1	6	3	0	149	7	23	0
Ethiopia	11	0	0	53	0	0	0	0	0	0	0	18	0	0	3	0	10	0	3	0	1	0	0	0	90	0	3	2	1	0	2	0	6	0	0	0	0	3	1	2	1	2	7	0	2	2	102	6	2	3	1	0	2	3	0	1	0	0	1	6	0	0	0	0	0	0	1	0	2	0	3	17	7	0	1	0	2	1	0	0	1	0	0	3	11	0	0	2	4	0	0	0	1	0	0	1	0	1	0	4	0	3	0	7	0	0	1	6	0	1	0	0	0	1	1	0	0	0	1	1	29	1	3	0
Argentina	825	34	8	1	1819	10	2	6	17	0	5	683	198	1	313	8	208	2	143	3	12	4	0	0	2037	4	22	31	139	7	78	0	315	0	1	15	0	136	98	144	9	12	164	0	66	75	6253	248	60	203	71	149	120	162	2	60	68	6	70	363	1	4	0	18	0	0	150	8	26	10	99	489	124	13	35	5	149	27	0	4	38	0	37	153	139	16	14	51	139	0	0	22	25	3	1	44	22	9	0	278	0	39	17	240	0	3	8	219	0	9	1	0	24	50	51	3	7	90	61	7	1818	66	73	1
Bolivia	45	0	0	0	3	101	0	0	2	0	0	33	8	0	12	1	7	0	3	1	2	1	0	0	139	1	0	1	8	0	3	0	15	0	0	0	0	4	14	13	1	0	13	0	1	4	283	11	3	11	2	8	4	5	1	2	3	0	2	25	0	1	0	1	0	0	5	0	1	0	5	34	8	1	1	0	3	2	0	1	3	0	1	5	5	1	2	1	10	0	0	2	0	1	0	2	1	0	0	6	0	3	0	12	0	0	0	13	0	2	0	0	1	3	4	0	2	8	4	0	73	1	7	0
Cameroon	9	1	0	0	0	0	21	0	0	0	0	4	0	0	4	0	1	0	0	0	0	0	0	0	17	0	2	0	0	0	1	0	7	0	0	0	0	0	0	1	1	0	1	0	0	1	31	2	0	0	0	1	1	0	0	1	1	0	1	3	0	0	0	0	0	0	1	0	0	0	0	7	1	0	0	0	1	1	0	0	0	0	0	2	1	0	0	1	0	0	0	0	0	0	0	0	0	1	0	4	0	0	0	1	0	0	0	2	0	0	0	0	0	0	0	0	0	2	0	0	8	1	3	0
Ghana	20	2	0	0	3	1	0	57	1	0	0	32	8	0	13	1	19	0	4	1	0	0	0	0	103	0	0	2	6	0	11	0	7	0	0	1	0	8	4	7	0	0	7	0	4	3	161	11	0	5	3	4	3	12	0	3	0	0	1	9	0	0	0	0	0	0	3	0	1	0	3	11	4	0	0	0	4	1	0	0	1	0	1	6	9	1	3	2	4	0	0	1	1	0	0	2	0	1	0	14	0	3	2	5	0	0	1	8	0	0	0	0	3	1	0	3	2	3	4	0	69	5	7	0
Saudi Arabia	59	2	2	1	7	0	1	0	304	0	0	95	24	1	29	2	53	0	15	0	2	1	0	0	431	5	6	4	19	1	20	0	28	0	0	0	1	13	15	17	1	1	31	0	2	17	504	23	8	33	7	21	14	17	0	17	6	0	6	36	2	0	0	1	0	0	14	3	3	0	13	52	22	0	3	0	21	5	0	0	7	0	1	11	30	0	2	6	13	0	0	1	3	0	0	1	2	1	0	27	0	11	3	27	0	0	3	29	0	1	0	0	2	5	4	0	1	7	13	1	147	11	16	0
Cape Verde	0	0	0	0	0	0	0	0	0	0	0	0	0	0	0	0	0	0	0	0	0	0	0	0	0	0	0	0	0	0	0	0	0	0	0	0	0	0	0	0	0	0	0	0	0	0	0	0	0	0	0	0	0	0	0	0	0	0	0	0	0	0	0	0	0	0	0	0	0	0	0	0	0	0	0	0	0	0	0	0	0	0	0	0	0	0	0	0	0	0	0	0	0	0	0	0	0	0	0	0	0	0	0	0	0	0	0	0	0	0	0	0	0	0	0	0	0	0	0	0	0	0	0	0
Guatemala	99	3	1	1	6	1	0	1	3	0	27	63	9	0	24	0	12	0	28	0	1	0	0	0	134	4	0	7	10	0	3	0	16	0	0	0	0	10	9	23	3	6	6	0	10	7	757	17	4	9	3	8	6	11	0	2	5	0	7	26	0	1	0	0	1	0	10	1	0	2	8	93	5	0	2	1	7	6	0	0	5	0	0	12	9	0	1	4	8	0	0	1	1	0	0	0	4	1	0	26	0	1	0	14	0	0	2	12	0	1	0	0	4	3	0	0	0	4	3	0	128	4	3	1
Germany	11123	772	139	69	1261	79	47	77	322	4	40	41589	3953	3	6585	53	3789	45	1815	24	89	63	0	2	43489	154	390	767	2300	56	1115	0	7568	12	2	170	2	2535	2185	3867	477	97	3008	2	1302	1127	79905	5241	855	4837	1329	2788	1818	2835	30	1061	2025	95	1448	4164	57	44	3	167	1	11	2586	123	302	95	2327	7671	2312	169	384	70	3319	575	6	51	800	0	426	2807	2075	246	321	735	3648	2	1	246	406	92	0	495	683	159	2	5302	13	626	221	5028	5	46	249	4641	0	216	12	0	592	1175	762	24	178	854	931	63	31478	1220	1606	14
Spain	1376	113	22	9	178	11	8	7	36	0	7	2370	5786	0	866	6	624	11	241	2	21	12	0	1	6528	21	53	102	341	10	173	0	1065	2	0	33	0	322	291	459	49	22	412	0	187	186	10427	685	141	629	172	386	271	409	7	141	292	7	177	627	10	5	1	28	0	3	349	14	54	13	270	993	367	23	56	13	428	89	0	5	100	0	54	389	338	29	43	124	410	0	0	48	72	15	0	80	102	31	0	758	4	121	31	693	1	9	47	662	0	40	0	0	67	147	130	6	17	140	146	14	4234	196	216	3
Liberia	0	0	0	0	0	0	0	0	0	0	0	0	0	0	0	0	0	0	0	0	0	0	0	0	0	0	0	0	0	0	0	0	0	0	0	0	0	0	0	0	0	0	0	0	0	0	0	0	0	0	0	0	0	0	0	0	0	0	0	0	0	0	0	0	0	0	0	0	0	0	0	0	0	0	0	0	0	0	0	0	0	0	0	0	0	0	0	0	0	0	0	0	0	0	0	0	0	0	0	0	0	0	0	0	0	0	0	0	0	0	0	0	0	0	0	0	0	0	0	0	0	0	0	0
Netherlands	4585	284	57	17	483	45	15	38	173	1	21	6576	1511	0	12054	26	1655	23	800	10	60	49	0	1	17470	63	135	249	1116	34	471	0	2873	5	0	70	0	1127	829	1173	162	50	1137	1	511	495	32742	2244	391	1784	573	1162	735	1414	18	451	737	54	446	1887	40	10	13	77	0	3	990	46	142	41	938	3299	1195	56	174	25	1512	209	2	17	317	1	213	1283	951	100	155	377	1385	1	2	107	169	37	0	194	230	52	2	2038	8	295	88	2060	3	21	104	1842	0	86	1	1	257	504	298	8	69	360	469	20	13981	500	637	4
Paraguay	71	0	0	0	7	1	0	0	3	0	0	60	11	0	20	78	19	0	6	1	0	0	0	0	187	0	2	4	9	0	3	0	24	0	0	2	0	9	12	14	0	1	7	0	6	3	391	17	4	24	2	12	12	7	0	3	7	1	8	30	1	0	0	0	0	0	14	3	2	0	8	26	13	0	2	1	15	2	0	0	4	0	2	6	7	0	1	1	14	0	0	0	2	0	0	3	1	0	0	17	0	0	1	27	0	0	1	18	0	0	0	0	3	3	2	0	2	2	8	0	116	3	5	0
Pakistan	767	38	28	5	85	8	3	16	40	1	15	1000	336	0	498	1	4925	8	182	13	10	12	0	0	8596	26	80	68	272	26	309	0	458	0	1	13	0	166	241	273	35	10	233	2	81	249	5884	374	131	278	128	244	164	317	2	172	115	13	117	316	13	3	0	14	0	0	217	22	55	10	143	731	367	15	38	10	216	78	4	12	70	0	58	225	426	35	37	48	162	0	1	13	61	17	0	47	73	21	2	454	3	221	23	393	1	8	43	294	0	26	0	1	52	89	58	5	37	81	144	3	2520	136	319	7
Tanzania	1	3	0	1	0	0	0	0	0	0	0	7	4	0	1	0	3	59	0	0	0	0	0	0	28	0	1	1	1	0	1	0	1	0	0	0	0	0	1	1	0	0	1	0	0	0	21	2	0	1	0	4	2	1	0	2	1	0	0	0	0	0	0	0	0	0	0	0	0	0	1	1	0	0	0	0	1	0	0	0	0	0	1	2	4	0	0	0	0	0	0	0	1	0	0	0	1	0	0	3	0	0	0	1	0	0	0	2	0	0	0	0	0	0	0	0	0	0	0	0	2	1	2	0
New Zealand	1955	70	29	5	174	24	10	8	29	0	4	1470	335	0	653	9	360	4	4182	9	19	6	0	2	3730	16	22	72	224	4	98	0	584	2	0	19	0	283	297	397	24	20	237	0	115	141	14374	555	110	416	112	264	192	288	4	128	157	4	168	557	11	13	3	28	0	0	257	14	31	17	201	1786	254	19	69	7	335	76	1	8	94	0	58	296	328	21	34	75	218	0	0	31	43	5	0	67	83	23	0	355	1	81	32	516	1	7	18	403	0	19	1	0	57	103	64	10	15	154	97	6	3561	109	124	6
Yemen	7	0	0	0	0	0	0	0	1	0	0	2	1	0	0	0	3	0	0	14	0	0	0	0	26	0	0	0	1	0	0	0	1	0	0	0	0	0	0	1	0	2	0	0	0	2	12	0	0	1	0	0	1	4	0	2	0	0	0	1	0	0	0	0	0	0	0	0	0	0	1	2	1	0	0	0	0	1	0	0	0	0	0	0	2	0	0	0	1	0	0	0	0	0	0	0	0	0	0	0	0	1	0	1	0	0	1	1	0	0	0	0	0	0	0	0	0	0	1	0	5	0	1	0
Jamaica	8	0	0	0	3	0	0	0	0	0	0	6	2	0	2	0	4	0	3	0	145	0	0	0	29	0	1	0	4	0	2	0	8	0	0	0	0	1	0	0	0	0	1	0	0	0	69	2	2	2	0	2	2	2	0	2	2	0	3	4	0	0	0	0	0	0	1	0	0	0	2	4	2	0	1	0	0	1	0	0	0	0	0	2	2	0	0	1	3	0	0	0	0	0	0	0	0	0	0	5	0	0	0	2	0	0	1	3	0	0	0	0	0	0	1	0	0	0	2	0	23	1	2	0
Albania	25	0	2	0	5	0	0	0	0	0	0	30	4	1	23	0	12	0	3	0	1	49	0	0	130	1	2	0	11	0	4	0	16	0	0	1	0	5	2	5	0	0	4	0	2	8	175	9	2	4	3	8	9	8	0	5	5	0	4	8	0	0	0	1	0	0	3	0	2	0	3	19	9	2	1	0	7	3	0	1	1	0	1	14	5	1	1	0	7	0	0	0	1	0	0	3	3	0	0	13	1	2	2	10	0	1	1	6	0	1	0	0	5	1	0	1	0	1	6	0	96	4	6	0
Samoa	0	0	0	0	0	0	0	0	0	0	0	0	0	0	0	0	0	0	0	0	0	0	0	0	0	0	0	0	0	0	0	0	0	0	0	0	0	0	0	0	0	0	0	0	0	0	0	0	0	0	0	0	0	0	0	0	0	0	0	0	0	0	0	0	0	0	0	0	0	0	0	0	0	0	0	0	0	0	0	0	0	0	0	0	0	0	0	0	0	0	0	0	0	0	0	0	0	0	0	0	0	0	0	0	0	0	0	0	0	0	0	0	0	0	0	0	0	0	0	0	0	0	0	0
Guam	0	0	0	0	0	0	0	0	0	0	0	0	0	0	0	0	0	0	0	0	0	0	0	0	1	0	0	0	0	0	0	0	0	0	0	0	0	0	0	0	0	0	0	0	0	0	1	0	0	0	0	0	0	0	0	0	0	0	0	0	0	0	0	0	0	0	0	0	0	0	0	0	0	0	0	0	0	0	0	0	0	0	0	0	0	0	0	0	0	0	0	0	0	0	0	0	0	0	0	0	0	0	0	0	0	0	0	0	0	0	0	0	0	0	0	0	0	0	0	0	0	0	0	0
India	9742	811	470	85	1097	101	82	146	491	2	75	13863	4214	7	6106	47	10704	78	2208	35	129	113	0	5	160169	316	763	1066	3320	216	3589	3	6990	12	7	248	4	1944	3388	4651	455	122	3270	8	1104	3343	73133	4307	1906	4155	1336	3015	1893	3410	47	2671	1387	156	1450	4067	147	49	5	213	3	8	2566	182	648	102	1840	10112	4387	148	428	65	2663	921	19	75	1171	0	528	2524	5187	300	544	791	2450	0	3	252	857	232	0	624	979	248	4	5534	24	2178	304	4714	14	57	506	4003	0	310	5	0	519	972	792	54	584	1076	1656	61	28812	1598	4537	39
Azerbaijan	31	5	2	0	1	0	0	0	2	0	0	44	12	0	13	1	38	0	11	0	0	0	0	0	233	151	1	4	16	1	5	0	14	0	0	3	0	3	10	6	2	0	8	0	4	12	241	19	2	16	5	7	5	22	0	9	4	0	4	12	0	0	0	0	0	0	9	1	2	0	7	43	22	2	2	0	17	4	0	1	3	0	2	9	19	0	0	5	7	0	0	1	1	0	0	3	1	0	0	21	0	6	2	17	0	0	1	14	0	0	0	0	2	5	6	1	1	4	10	1	122	4	12	0
Kenya	38	4	0	0	9	1	0	0	1	0	0	47	22	0	18	1	14	2	8	0	1	0	0	0	265	2	287	3	11	0	11	0	18	0	0	0	0	10	13	9	0	1	15	0	1	13	325	13	6	18	3	7	5	12	0	5	6	0	3	19	0	0	0	0	0	0	7	1	4	3	8	43	14	0	1	1	9	5	0	1	3	0	1	9	18	2	1	1	9	0	1	0	1	1	0	4	2	3	0	13	0	7	2	15	0	1	1	14	0	1	0	0	1	3	4	0	0	5	4	0	128	2	15	0
South Korea	151	8	2	1	17	2	0	2	1	1	1	218	64	0	88	1	54	1	35	0	1	1	0	0	820	1	11	590	25	1	23	0	102	0	0	2	0	28	61	113	2	2	36	0	11	19	1245	54	23	67	14	39	20	27	1	19	26	0	36	53	1	0	0	2	0	0	22	3	7	3	32	168	30	4	10	1	40	16	0	1	16	0	4	28	32	3	4	8	36	0	0	1	3	1	0	13	31	2	0	51	0	7	4	59	1	0	3	54	0	2	0	0	5	18	12	0	6	24	17	0	360	24	18	0
Turkey	568	35	13	5	56	4	3	4	23	0	3	762	183	0	330	0	325	1	104	3	5	2	0	1	3060	16	31	50	2376	5	100	0	348	0	0	9	0	153	113	158	17	9	166	0	53	85	3981	249	65	216	83	137	104	181	1	78	76	5	54	211	5	0	1	16	0	0	135	15	19	9	106	448	198	8	19	5	171	36	1	5	43	0	34	149	153	21	16	44	126	0	0	8	31	7	0	36	38	9	0	263	0	46	15	240	0	1	22	242	0	19	0	0	20	49	38	1	19	43	95	5	1626	72	124	1
Afghanistan	6	0	1	0	1	0	0	0	0	0	0	9	4	0	5	0	16	0	2	0	0	0	0	0	75	1	2	0	0	60	4	0	4	0	0	1	0	1	2	0	0	0	3	0	1	12	42	1	1	2	0	1	2	3	0	1	1	0	0	1	0	0	0	0	0	0	3	0	2	0	0	12	8	0	0	0	0	0	0	1	0	0	0	1	10	1	1	1	3	0	0	0	0	0	0	0	0	1	0	6	0	4	0	2	0	0	0	0	0	0	0	0	2	1	1	0	0	4	1	0	20	4	10	0
Bangladesh	488	29	21	5	52	5	4	12	16	0	1	594	170	1	256	2	444	3	101	1	2	7	0	0	3954	6	31	46	135	11	1662	0	281	0	2	10	0	100	132	163	24	7	135	0	49	188	3317	173	96	158	54	131	88	127	2	111	58	7	62	222	4	2	1	17	0	1	109	10	42	12	73	342	248	13	31	3	144	51	3	3	33	0	26	100	254	12	26	30	92	0	0	10	26	3	0	31	44	10	0	227	1	107	10	172	1	5	12	156	0	12	0	0	24	41	39	3	36	76	83	2	1234	67	187	1
Saint Lucia	0	0	0	0	0	0	0	0	0	0	0	0	0	0	0	0	0	0	0	0	0	0	0	0	0	0	0	0	0	0	0	0	0	0	0	0	0	0	0	0	0	0	0	0	0	0	0	0	0	0	0	0	0	0	0	0	0	0	0	0	0	0	0	0	0	0	0	0	0	0	0	0	0	0	0	0	0	0	0	0	0	0	0	0	0	0	0	0	0	0	0	0	0	0	0	0	0	0	0	0	0	0	0	0	0	0	0	0	0	0	0	0	0	0	0	0	0	0	0	0	0	0	0	0
France	4655	299	77	24	593	51	16	24	142	0	22	7840	1854	1	2826	29	1574	20	740	4	49	23	0	1	19115	57	186	342	957	19	515	0	14331	4	1	73	0	1022	1031	1847	200	36	1303	3	605	509	33551	2244	427	2215	537	1214	830	1126	16	380	876	34	553	2008	36	9	2	62	0	2	1157	47	131	40	1008	3225	952	68	191	20	1462	300	2	17	354	2	168	1057	833	108	154	311	1487	0	1	99	157	41	0	260	333	86	4	2310	3	291	106	2305	3	14	112	2115	0	76	0	3	199	503	381	11	59	367	418	35	13138	539	703	13
Bermuda	13	0	0	0	2	0	0	0	0	0	0	18	3	0	11	0	2	0	2	0	0	1	0	0	15	0	0	0	3	0	1	0	3	29	0	0	0	1	2	2	0	1	1	0	0	0	162	4	2	4	0	1	1	6	0	1	0	0	0	5	0	0	0	0	0	0	4	1	0	0	3	3	2	1	1	0	5	0	0	0	2	0	0	2	1	0	1	0	2	0	0	0	0	0	0	1	1	0	0	5	0	0	0	3	0	0	0	1	0	0	0	0	0	1	0	0	0	1	1	0	24	0	1	0
Somalia	0	0	0	0	0	0	0	0	0	0	0	0	0	0	0	0	0	0	0	0	0	0	0	0	0	0	0	0	0	0	0	0	0	0	0	0	0	0	0	0	0	0	0	0	0	0	0	0	0	0	0	0	0	0	0	0	0	0	0	0	0	0	0	0	0	0	0	0	0	0	0	0	0	0	0	0	0	0	0	0	0	0	0	0	0	0	0	0	0	0	0	0	0	0	0	0	0	0	0	0	0	0	0	0	0	0	0	0	0	0	0	0	0	0	0	0	0	0	0	0	0	0	0	0
Peru	208	13	2	1	29	0	0	1	3	0	5	197	59	0	74	1	41	1	25	1	2	1	0	0	526	4	6	15	30	2	24	0	90	0	0	235	0	24	30	69	2	2	34	0	17	24	1371	49	23	57	10	32	21	25	0	16	22	2	19	121	0	1	1	6	0	0	24	3	7	8	32	85	25	2	12	4	42	7	0	0	8	0	3	21	28	1	6	9	32	0	0	4	2	1	0	12	12	2	0	64	1	10	6	66	0	2	1	57	0	0	0	0	2	13	10	1	7	27	13	3	315	26	26	1
Laos	1	0	0	0	0	0	0	0	0	0	0	3	0	0	0	0	0	0	0	0	0	0	0	0	2	0	0	0	0	0	0	0	0	0	0	0	0	1	0	1	0	0	0	0	0	1	6	1	0	0	0	0	0	0	0	0	0	0	0	0	0	0	0	0	0	0	0	0	0	0	1	1	0	0	0	0	0	0	0	0	1	0	0	0	0	0	0	0	1	0	0	0	1	0	0	0	0	0	0	0	0	0	0	0	0	0	0	0	0	0	0	0	0	0	0	0	0	0	0	0	1	0	1	0
Norway	1264	63	17	5	138	21	4	4	23	0	4	1619	362	0	646	5	357	4	219	1	7	3	0	1	3844	12	38	53	243	2	103	0	622	2	0	17	0	3638	203	320	45	7	255	0	135	95	9802	589	59	471	118	309	204	294	4	98	174	7	136	449	4	7	1	14	0	2	277	24	29	6	233	1022	226	12	39	11	379	62	0	3	79	0	40	342	192	28	24	66	311	0	1	29	39	8	0	47	52	13	0	432	0	66	24	548	0	2	27	436	0	21	0	1	54	126	88	1	8	93	93	3	3625	126	131	2
Singapore	953	43	23	7	97	3	6	6	21	0	2	1034	260	0	456	0	383	8	218	1	9	4	0	1	4375	17	28	73	180	5	123	0	470	0	0	22	1	158	2670	409	30	6	163	0	80	172	6781	364	89	279	89	188	121	210	3	140	101	5	121	311	2	4	0	20	0	0	172	17	37	4	134	964	175	13	33	8	187	62	1	6	106	0	27	169	332	19	28	38	202	0	1	25	38	9	0	41	86	19	1	335	3	101	23	320	0	4	17	246	0	13	0	0	41	64	40	6	22	95	71	3	2185	98	159	0
China	791	48	15	4	86	2	4	4	20	0	4	900	227	0	346	4	305	3	161	2	11	4	0	0	3827	6	20	99	165	3	89	0	459	3	0	16	0	150	237	3365	39	4	209	0	83	134	5869	321	125	382	64	165	87	162	3	105	110	5	164	283	3	3	0	11	0	1	154	6	24	5	122	726	204	10	20	7	170	43	0	4	99	0	24	130	251	14	17	43	160	0	0	14	36	9	0	53	91	10	1	272	2	80	15	346	0	3	18	253	0	16	0	0	25	73	69	3	21	89	66	5	1645	88	137	1
Armenia	113	8	4	3	16	0	1	0	3	0	1	204	45	0	63	4	87	4	25	1	3	1	0	0	794	3	6	10	33	3	15	0	80	0	1	2	0	20	33	41	426	1	43	0	10	22	749	57	13	74	13	41	31	40	0	25	25	2	10	56	0	0	0	0	0	0	34	1	6	0	25	67	39	0	1	0	44	12	0	2	12	0	7	28	29	3	3	5	25	0	0	1	5	0	0	4	5	3	0	64	0	16	4	72	0	1	5	56	0	3	0	0	4	8	10	0	2	17	18	1	346	14	32	0
Dominican Republic	32	3	0	0	4	2	0	0	1	0	1	25	9	0	11	1	11	0	5	1	3	2	0	0	117	0	3	5	9	0	6	0	15	0	0	0	0	8	5	3	0	161	7	0	2	9	289	8	1	20	6	10	5	8	0	5	3	1	3	25	0	0	0	1	0	0	2	0	1	2	4	38	8	0	2	1	5	1	0	0	1	0	0	6	10	1	0	4	3	0	0	1	0	1	0	8	0	0	0	12	0	2	3	10	0	0	0	12	0	0	0	0	2	3	5	0	0	1	8	1	95	1	5	0
Ukraine	1125	71	23	7	139	9	5	8	33	0	6	1670	453	0	684	8	517	4	193	4	7	13	0	0	6009	16	42	97	286	8	176	0	775	2	1	31	0	272	249	449	58	15	3987	0	116	176	7967	523	136	635	151	329	175	318	3	149	210	13	141	465	9	7	1	13	0	0	259	12	32	13	266	847	366	17	49	8	310	66	0	4	82	0	49	297	244	35	35	82	330	0	1	28	61	14	0	66	71	24	0	570	1	84	32	563	3	5	48	523	0	24	0	0	75	101	113	3	27	110	129	9	3317	124	204	0
Tonga	0	0	0	0	0	0	0	0	0	0	0	0	1	0	0	0	0	0	0	0	0	0	0	0	0	0	0	0	0	0	0	0	2	0	0	0	0	0	0	0	0	0	1	2	0	0	5	0	0	0	0	0	0	1	0	0	0	0	0	0	0	0	0	0	0	0	0	0	0	0	0	0	0	0	0	0	0	0	0	0	0	0	0	0	0	0	0	0	1	0	0	0	0	0	0	0	0	0	0	0	0	0	0	0	0	0	0	0	0	0	0	0	0	0	0	0	0	0	0	0	2	0	0	0
Finland	950	77	9	4	108	1	0	6	26	1	0	1403	309	0	519	3	305	5	171	0	11	5	0	2	3665	11	36	70	204	5	104	0	583	3	0	10	1	197	201	378	27	6	213	0	1798	91	7025	456	68	366	98	215	139	234	2	93	162	10	111	321	5	3	0	14	0	2	217	10	26	6	210	722	195	16	38	4	281	48	0	5	69	0	46	222	192	15	19	56	268	0	0	20	29	9	0	42	67	23	0	388	0	56	15	466	1	3	17	367	0	16	1	0	54	100	55	2	11	81	109	3	2457	97	138	0
Indonesia	232	13	9	0	29	1	1	3	12	0	1	238	73	0	99	2	136	1	53	1	4	2	0	1	1144	5	10	21	57	1	49	0	119	1	0	3	0	30	64	76	6	3	50	0	23	904	1520	79	34	85	24	52	30	41	1	48	36	2	30	84	3	0	1	4	0	0	42	4	10	3	36	225	99	6	8	1	64	17	0	2	20	0	12	45	109	5	13	14	34	0	1	2	11	3	0	21	12	6	0	104	0	23	7	71	0	1	5	90	0	5	0	0	6	18	15	1	6	22	25	1	524	20	65	0
United States	78623	2382	684	221	7545	787	151	304	1285	11	278	59111	13533	10	24114	359	13181	196	11625	89	888	289	0	5	142933	487	1138	2760	8876	199	4087	3	25762	221	9	1023	9	10279	8873	13811	1402	888	10114	7	4481	4106	732898	21077	3291	16164	4495	10096	8512	10940	188	4213	6849	314	5813	23482	283	235	30	1045	5	44	12001	591	1348	498	7710	46190	7960	569	2344	470	11814	2720	20	164	3278	1	1965	11753	8800	914	1124	2941	11292	3	38	1685	1677	247	0	2925	2557	680	27	17843	39	2421	1196	21306	18	138	925	15561	1	819	24	10	2018	4001	2815	199	509	6144	4208	268	149866	4746	4838	78
Sweden	2990	185	36	14	296	25	6	13	79	1	12	3928	897	1	1613	4	922	19	467	4	33	21	0	1	10757	45	65	183	565	14	275	0	1694	2	0	33	0	756	552	959	129	38	668	0	313	266	21720	7871	210	1110	303	722	418	785	8	243	456	31	331	1101	19	7	0	43	0	3	678	22	76	19	551	2334	617	27	77	20	872	123	1	13	187	0	100	810	524	85	59	172	853	0	1	58	105	10	0	112	152	43	3	1184	2	172	55	1499	1	10	75	1101	0	66	0	1	174	227	164	8	32	203	253	8	8826	300	302	5
Vietnam	213	15	14	0	22	2	0	5	4	0	1	239	71	0	104	1	118	1	49	1	5	1	0	0	1248	3	13	18	41	1	53	0	105	0	0	4	0	36	50	96	9	2	53	0	20	50	1444	71	864	79	11	49	34	65	2	42	23	2	28	94	3	1	0	4	0	1	37	2	10	0	42	165	85	0	9	2	39	15	0	2	38	0	7	28	86	3	8	15	37	0	0	6	26	2	0	15	25	5	0	76	1	22	3	94	0	2	5	73	0	5	0	0	8	19	19	0	8	33	27	4	416	22	46	1
Russia	2507	156	35	13	303	14	10	18	71	0	10	3726	805	0	1303	16	795	3	394	4	47	14	0	0	9369	48	70	188	531	12	286	1	1581	6	0	44	0	489	539	982	109	31	819	0	258	261	17422	1058	201	6884	301	612	412	580	16	227	388	19	344	958	22	12	0	29	0	1	532	20	93	27	531	1788	577	39	82	12	657	155	0	10	185	0	91	571	442	74	57	165	709	0	3	43	91	29	0	152	164	40	1	1026	1	158	53	1143	4	5	64	1099	0	44	0	0	133	283	204	5	30	203	209	19	6351	244	307	1
Bulgaria	1038	67	19	4	99	9	1	6	37	0	2	1283	295	0	572	6	461	4	153	4	48	3	0	0	4377	26	30	44	304	7	131	0	493	0	1	20	1	265	200	232	46	21	345	1	94	115	7347	488	96	400	1588	280	170	418	6	107	138	8	89	448	5	5	0	19	0	0	246	20	22	11	212	872	337	13	39	6	313	46	0	6	75	0	54	291	207	60	20	72	239	0	0	29	59	12	0	47	38	12	0	389	0	64	16	512	1	10	28	419	0	31	1	0	57	85	101	3	12	73	112	4	3200	151	153	0
Romania	1249	65	17	7	114	12	3	8	48	0	2	1495	419	1	663	5	561	7	186	5	12	9	0	0	5822	17	46	61	260	11	169	0	743	3	0	18	0	229	195	334	53	12	308	0	109	185	8255	564	112	454	167	3293	210	327	3	144	175	15	117	491	11	13	1	16	0	1	285	19	37	9	240	809	350	20	39	12	358	70	1	10	69	0	76	280	276	26	52	94	302	0	0	29	59	13	0	54	77	24	0	530	1	109	20	490	1	4	30	477	0	30	2	0	74	82	88	2	20	108	125	5	3312	137	228	1
Portugal	601	33	9	3	72	4	4	5	18	0	1	702	193	0	279	7	212	6	97	0	5	4	0	1	1970	3	17	31	122	4	63	1	313	0	0	7	0	116	120	122	18	6	134	0	46	72	4331	243	34	185	61	137	2247	145	1	58	80	4	51	227	4	3	0	16	0	0	133	5	24	10	90	386	112	6	21	3	142	31	0	8	29	0	19	133	99	16	13	30	129	0	0	19	28	2	0	35	23	13	0	243	2	37	12	262	0	3	15	193	0	8	0	0	33	58	41	0	5	44	61	2	1665	61	62	0
South Africa	721	38	13	6	59	8	1	4	34	0	2	875	187	0	389	4	345	6	172	3	11	4	0	0	3235	18	28	33	175	3	75	0	324	1	0	11	0	179	135	173	13	11	143	0	64	67	5265	310	59	270	73	181	92	4097	1	68	112	6	70	278	7	3	0	12	0	0	169	6	15	6	143	718	194	12	23	3	224	34	1	2	57	0	24	194	203	18	12	39	152	0	0	17	25	7	0	30	35	13	1	238	0	53	8	363	0	2	20	240	0	16	0	1	36	47	33	0	15	53	75	4	2279	76	136	3
Nicaragua	17	2	1	0	4	0	0	0	0	0	0	26	10	0	13	0	9	0	3	0	0	0	0	0	67	0	2	3	3	1	1	0	13	0	0	2	0	2	2	8	0	0	4	0	1	4	213	6	2	4	0	8	8	4	45	3	1	0	2	8	1	0	0	0	0	0	4	0	2	0	3	10	3	1	2	0	3	0	0	0	1	0	0	2	3	0	1	3	9	0	0	1	0	0	0	4	3	2	0	8	0	1	2	6	0	0	0	7	0	0	0	0	1	1	3	0	0	4	1	2	56	3	3	0
Malaysia	214	10	6	2	18	3	1	2	12	1	1	269	66	0	90	2	136	1	58	1	6	2	0	0	1407	6	7	23	42	1	56	0	108	0	0	3	0	29	72	91	4	3	39	0	15	66	1684	66	40	80	20	46	32	64	0	1121	28	1	40	102	2	2	0	2	0	1	44	2	13	4	23	253	67	6	10	3	40	15	1	4	31	0	8	49	118	1	5	9	51	0	0	6	14	3	0	19	16	2	0	92	0	27	4	87	0	3	5	58	0	9	0	0	12	15	14	1	9	27	30	2	460	25	56	0
Austria	1271	90	19	8	169	10	4	6	30	0	6	2101	394	0	722	13	401	5	230	1	17	5	0	0	4670	12	41	81	295	5	152	0	872	2	0	23	0	277	206	329	27	11	315	0	164	116	9362	542	109	613	182	357	242	366	6	98	3178	10	129	547	20	9	0	31	0	0	287	10	33	10	250	924	271	21	48	10	398	56	0	7	98	0	52	309	226	40	33	85	405	0	1	27	41	8	0	70	60	25	2	609	0	69	25	593	1	5	38	593	0	25	0	0	75	141	87	2	21	114	101	9	3478	140	174	1
Uganda	14	2	1	0	1	0	0	0	1	0	0	13	4	0	8	0	7	1	2	0	0	0	0	0	86	0	0	0	6	1	1	0	6	0	0	0	0	1	5	6	2	0	3	0	2	8	91	5	3	9	0	4	0	3	0	1	1	77	1	5	0	0	0	0	0	0	1	1	2	0	3	10	6	0	0	0	6	1	0	0	0	0	0	2	3	2	0	0	2	0	0	0	1	0	0	0	0	0	0	13	0	0	1	6	0	0	0	5	0	0	0	0	1	2	0	0	0	2	0	0	40	4	5	0
Japan	814	35	12	2	84	2	1	3	23	0	3	906	198	0	285	4	198	1	161	0	12	1	0	0	2824	7	18	64	102	5	85	0	357	1	0	15	0	116	166	322	24	7	140	0	62	119	6066	231	75	247	56	126	88	134	3	102	76	3	1869	247	2	5	0	12	0	0	128	3	31	3	111	709	88	8	36	2	133	64	0	4	62	0	15	149	172	9	22	31	154	0	1	21	22	4	0	42	77	3	0	244	1	61	17	242	0	1	14	204	0	8	0	0	33	60	38	1	22	72	64	2	1558	68	109	0
Brazil	1766	77	27	14	232	35	2	10	45	3	6	1911	451	0	776	7	379	7	287	2	31	8	0	0	4492	14	48	83	316	6	145	0	940	12	0	35	0	258	230	381	35	24	369	0	149	149	13155	604	112	482	142	312	297	331	14	155	210	15	147	6296	11	13	0	38	0	0	349	15	46	28	284	1083	283	13	80	9	369	87	0	6	87	0	55	291	268	30	49	117	347	0	0	41	57	10	0	123	94	28	1	591	0	86	39	552	3	3	33	565	0	18	0	0	55	113	106	6	18	169	129	11	4085	146	156	1
Kuwait	51	2	0	1	4	0	0	1	2	0	0	61	23	0	19	0	29	0	12	0	1	1	0	0	300	0	2	8	9	0	17	0	34	0	0	1	0	7	25	26	1	1	10	0	6	11	434	21	7	23	4	8	6	16	0	6	4	1	13	17	56	0	0	1	0	0	5	0	3	0	10	46	18	0	2	0	7	2	0	0	9	0	1	5	10	1	2	1	13	0	0	0	2	3	0	3	6	1	0	19	0	8	3	17	0	0	1	19	0	2	0	0	2	0	2	0	2	5	4	0	99	12	10	0
Panama	13	1	0	0	1	0	0	0	2	0	0	9	3	0	2	0	1	0	2	0	1	0	0	0	17	0	0	0	3	0	1	0	3	0	0	0	0	1	0	5	0	0	2	0	1	1	71	5	1	1	2	0	0	1	0	0	1	0	2	4	0	41	0	0	0	0	3	0	0	0	0	7	2	0	0	0	2	0	0	0	0	0	0	2	0	1	1	0	1	0	0	1	0	0	0	0	0	0	0	2	0	0	1	4	0	0	0	2	0	0	0	0	0	0	0	0	0	2	0	0	16	0	5	0
Guyana	15	0	0	0	3	0	0	0	1	0	0	5	5	0	0	0	1	0	0	0	0	1	0	0	21	0	0	3	0	0	1	0	3	0	0	0	0	2	3	2	0	0	0	0	2	4	56	2	1	3	0	2	0	1	0	2	0	0	0	2	0	0	5	0	0	0	0	0	0	0	2	6	2	0	0	0	0	0	0	1	0	0	0	0	2	0	0	0	0	0	0	0	0	0	0	0	0	0	0	5	0	2	1	2	0	0	0	1	0	0	0	0	0	0	0	1	0	1	0	0	13	1	1	0
Costa Rica	84	3	1	0	14	2	0	2	1	0	0	79	19	0	35	1	29	1	21	0	2	0	0	0	214	0	0	5	18	0	8	1	47	0	0	1	0	13	14	13	2	1	16	0	8	8	709	23	5	21	9	17	13	12	0	4	13	1	8	46	1	0	0	209	0	0	25	0	0	2	12	45	15	3	3	1	23	3	0	0	3	0	2	13	12	1	2	4	19	0	0	2	4	0	0	7	0	0	0	32	0	3	2	29	0	0	1	24	0	1	0	0	5	9	1	0	2	7	9	0	207	10	10	1
American Samoa	0	0	0	0	0	0	0	0	0	0	0	0	0	0	0	0	0	0	0	0	0	0	0	0	0	0	0	0	0	0	0	0	0	0	0	0	0	0	0	0	0	0	0	0	0	0	0	0	0	0	0	0	0	0	0	0	0	0	0	0	0	0	0	0	0	0	0	0	0	0	0	0	0	0	0	0	0	0	0	0	0	0	0	0	0	0	0	0	0	0	0	0	0	0	0	0	0	0	0	0	0	0	0	0	0	0	0	0	0	0	0	0	0	0	0	0	0	0	0	0	0	0	0	0
Bahamas	0	0	0	0	0	0	0	0	0	0	0	1	0	0	0	0	2	0	1	0	0	0	0	0	4	0	0	0	0	0	0	0	0	0	0	0	0	0	0	0	1	0	0	0	1	0	24	0	0	1	0	0	0	0	0	1	1	0	0	0	0	0	0	0	0	8	0	0	0	0	0	2	0	0	0	0	0	0	0	0	0	0	0	0	1	0	0	0	0	0	0	0	0	0	0	0	1	0	0	1	0	1	0	1	0	0	0	0	0	0	0	0	0	0	0	0	0	0	0	0	1	0	1	0
Ireland	1101	64	18	7	128	13	3	5	27	0	4	1318	286	0	567	3	308	6	201	1	9	13	0	2	3694	19	25	52	206	7	99	0	603	1	0	21	1	242	191	246	33	11	245	1	94	75	8355	469	64	385	101	220	180	308	7	69	186	11	95	408	8	3	0	13	0	2	2882	9	37	8	173	746	169	10	36	17	273	52	0	2	65	0	22	241	171	21	35	73	268	0	0	23	34	13	0	55	46	26	0	449	1	66	19	484	0	4	23	404	0	13	1	0	40	90	71	3	15	95	117	4	3286	117	109	2
Syria	17	0	2	0	4	0	0	0	0	0	0	21	6	0	7	0	17	0	1	1	0	0	0	0	99	2	0	0	8	0	2	0	6	0	0	0	0	9	5	2	0	0	12	0	2	4	180	15	2	4	3	4	0	10	0	3	1	1	1	9	1	0	0	0	0	0	4	55	1	0	5	19	10	2	1	1	7	1	0	0	1	0	0	6	6	0	1	1	6	0	0	0	2	0	0	0	1	0	0	5	0	5	0	9	0	0	1	9	0	1	0	0	1	1	2	0	1	0	6	0	75	5	1	0
Nigeria	74	4	0	1	7	0	0	1	5	0	0	74	17	0	49	0	47	0	9	0	1	0	0	0	313	2	4	9	28	0	13	0	37	0	0	4	0	11	10	21	6	0	13	0	7	9	457	16	9	39	5	11	17	19	0	11	6	0	5	18	1	0	0	2	0	0	10	1	251	0	18	60	28	0	3	1	18	4	0	4	2	0	6	13	28	0	2	6	14	0	0	2	1	0	0	6	6	1	0	28	0	13	3	22	0	0	3	28	0	1	0	0	3	8	7	0	2	8	7	0	186	10	16	0
Ecuador	40	1	0	0	5	1	0	0	0	0	1	24	8	0	7	0	4	0	2	0	2	0	0	0	75	0	2	2	6	0	4	0	12	0	0	2	0	5	2	10	0	1	9	0	1	2	231	6	6	7	0	5	4	7	0	2	2	0	2	7	0	0	0	0	0	0	8	0	1	104	6	17	7	0	0	0	7	1	0	0	0	0	2	6	3	0	1	1	5	0	0	1	0	0	0	2	2	1	0	15	0	0	1	4	0	0	1	11	0	1	0	0	0	2	2	1	0	1	0	3	52	0	3	0
Czech Republic	1062	82	6	6	139	8	2	9	22	0	2	1783	417	1	633	7	390	12	198	0	15	12	0	1	4294	14	34	71	278	7	119	0	771	1	0	21	0	247	192	375	41	18	342	1	122	126	7952	560	99	551	144	258	196	283	1	124	231	9	158	456	9	2	0	17	0	2	241	17	35	11	3186	852	273	13	50	7	348	65	0	4	96	2	48	296	235	20	30	68	316	0	1	22	41	6	0	59	80	16	0	516	0	56	15	512	1	2	29	560	0	15	0	0	45	142	80	1	15	84	113	13	3114	123	155	1
Australia	6550	250	128	25	633	80	17	28	137	3	34	5579	1175	3	2240	40	1515	24	1701	14	93	25	0	2	17555	59	138	311	840	20	449	1	2183	8	1	102	0	1026	1231	1742	119	76	897	1	468	628	49649	2001	466	1693	415	940	723	1241	27	638	672	36	721	1870	27	19	2	100	0	2	1005	51	142	50	721	21083	864	41	213	34	1120	309	2	17	449	1	147	1177	1297	111	98	270	1147	3	0	114	149	34	0	259	295	57	3	1540	12	306	99	2020	4	15	92	1490	0	76	3	2	214	378	286	13	73	547	452	21	13250	425	716	12
Iran	458	41	8	3	69	3	2	8	25	0	3	569	142	0	260	4	321	2	100	4	12	9	0	0	2756	10	26	29	139	4	111	0	249	1	1	5	0	76	101	129	21	5	145	0	44	108	3013	158	69	178	55	128	89	172	3	72	52	6	47	203	9	4	0	10	0	1	106	6	30	7	89	370	2924	10	20	6	105	32	1	8	33	0	30	119	160	15	21	32	81	0	0	14	34	10	0	25	24	10	0	199	0	65	17	216	1	3	11	182	0	14	0	0	21	45	39	4	20	51	90	5	1154	65	127	2
Algeria	34	1	0	0	3	0	0	1	0	0	1	46	7	1	19	0	22	1	4	1	0	1	0	0	182	1	2	1	10	0	7	0	38	0	0	0	0	6	6	7	1	0	9	0	2	9	243	18	2	15	9	7	12	10	0	0	8	1	6	28	0	0	0	1	0	0	6	1	1	0	6	10	16	138	1	0	3	4	0	0	0	0	2	8	12	0	3	4	9	0	0	1	0	0	0	4	3	1	0	22	0	2	1	11	0	0	3	18	0	1	0	0	1	4	1	0	1	4	6	0	78	7	8	0
Chile	302	12	4	1	36	6	0	0	9	0	0	209	51	0	107	0	41	0	49	0	5	2	0	0	485	5	8	9	30	1	18	0	102	0	0	2	0	35	29	41	2	7	39	1	13	29	1816	81	13	54	11	46	38	71	2	16	23	1	22	117	0	0	0	5	0	1	35	4	7	5	20	139	37	5	512	3	32	9	0	1	8	0	10	39	44	6	3	13	43	0	1	4	2	1	0	8	7	5	0	63	0	7	5	51	0	0	3	64	0	2	0	0	14	15	12	1	1	24	12	0	481	16	25	0
Puerto Rico	9	1	0	0	1	0	0	0	1	0	0	6	1	0	2	0	0	0	0	0	0	0	0	0	11	0	0	0	1	0	0	0	5	0	0	1	0	2	2	1	0	0	2	0	0	1	73	4	0	2	1	2	3	1	0	0	2	0	0	2	0	0	0	0	0	0	2	0	0	0	0	10	0	0	0	35	3	0	0	0	3	0	2	1	2	1	0	0	2	0	0	0	0	0	0	0	0	1	0	3	0	0	0	2	0	0	0	1	0	0	0	0	0	0	1	0	0	2	0	0	15	0	2	0
Belgium	1359	84	23	5	158	10	5	7	38	1	5	2027	464	0	914	5	456	6	216	4	14	6	0	1	5667	29	56	66	330	5	149	0	868	5	0	17	0	363	258	380	60	18	365	1	166	145	9700	656	115	578	177	384	230	454	5	147	211	7	119	555	10	5	0	18	0	1	348	15	51	9	288	1029	285	15	54	4	4662	72	1	1	88	0	64	359	275	27	33	92	404	0	0	23	45	7	0	73	60	19	1	607	3	83	25	665	3	6	32	521	0	18	0	1	60	126	83	0	18	88	132	8	4282	158	195	1
Thailand	252	7	10	1	24	1	0	1	6	0	1	258	61	0	113	3	76	0	47	0	3	0	1	0	821	0	10	11	46	0	23	0	90	0	0	3	0	49	59	62	3	3	51	0	20	34	1788	84	25	76	15	57	37	46	3	27	39	0	39	82	1	1	0	4	0	0	33	2	9	4	27	234	35	2	10	2	47	902	0	0	31	0	9	56	61	1	2	21	39	0	0	5	7	2	0	13	26	5	0	75	0	15	2	81	0	0	5	64	0	3	0	0	8	12	12	0	7	21	24	0	606	20	25	0
Haiti	2	0	1	0	0	0	0	0	0	0	0	3	1	0	4	0	3	0	2	0	0	0	0	0	19	0	0	0	0	0	1	0	3	0	0	0	0	1	0	0	0	0	2	0	0	2	24	1	0	0	0	2	1	0	0	2	0	0	1	4	0	0	0	0	0	0	2	0	0	0	0	2	2	0	1	0	2	0	15	0	0	0	1	1	0	0	0	1	0	0	0	0	1	0	0	0	0	0	0	2	0	0	0	1	0	0	0	2	0	0	0	0	0	0	0	0	0	0	0	0	8	0	0	0
Iraq	17	1	0	0	2	0	0	0	2	0	0	20	1	0	10	0	18	1	1	0	0	1	0	0	58	0	1	4	5	0	1	0	6	0	0	0	0	3	2	3	2	0	4	0	0	9	103	7	4	0	3	2	2	3	0	2	3	1	0	5	0	0	0	1	0	0	5	0	0	1	1	10	3	0	0	0	4	0	0	37	2	0	0	4	4	1	0	1	2	0	0	0	0	1	0	0	1	0	0	6	0	3	0	3	0	0	0	0	0	0	0	0	0	0	0	0	2	2	3	0	42	1	6	0
Hong Kong	310	10	46	1	39	1	1	3	10	0	1	383	68	0	162	1	110	0	87	0	7	0	0	0	1392	3	12	38	51	1	30	0	156	0	0	8	0	54	82	173	13	1	65	0	32	52	2455	124	36	136	34	66	40	60	1	48	45	3	68	106	2	0	0	5	0	1	73	4	7	3	53	356	73	7	13	1	70	29	0	2	743	0	15	55	79	4	6	19	69	0	0	5	19	3	0	13	32	9	1	115	0	21	3	121	0	0	10	108	0	4	0	0	11	19	12	0	4	28	39	2	679	31	54	0
Sierra Leone	0	0	0	0	0	0	0	0	0	0	0	0	0	0	0	0	0	0	0	0	0	0	0	0	0	0	0	0	0	0	0	0	0	0	0	0	0	0	0	0	0	0	0	0	0	0	0	0	0	0	0	0	0	0	0	0	0	0	0	0	0	0	0	0	0	0	0	0	0	0	0	0	0	0	0	0	0	0	0	0	0	0	0	0	0	0	0	0	0	0	0	0	0	0	0	0	0	0	0	0	0	0	0	0	0	0	0	0	0	0	0	0	0	0	0	0	0	0	0	0	0	0	0	0
Georgia	140	4	2	0	18	2	0	1	4	0	0	144	25	0	75	0	55	0	17	0	3	1	0	0	652	7	4	6	39	0	29	0	62	0	0	1	0	28	33	20	4	3	43	0	7	19	1022	58	8	41	13	40	17	51	0	22	12	3	11	56	0	1	0	1	0	0	23	4	7	0	25	106	63	1	4	1	41	3	0	3	9	0	356	43	40	9	2	16	30	0	1	3	4	1	0	6	8	4	0	45	0	13	0	52	0	0	1	59	0	1	0	0	4	15	9	0	1	9	11	0	405	17	30	1
Denmark	1468	82	9	7	154	18	8	7	24	0	7	1679	361	2	704	10	448	3	280	5	13	7	0	1	4546	20	36	62	290	2	112	0	660	4	1	18	0	356	263	336	47	20	290	1	152	116	10879	648	93	441	147	331	199	445	3	117	210	15	141	462	12	6	1	19	0	2	288	21	37	7	236	1061	274	18	40	5	409	59	1	10	82	0	52	3756	254	46	21	91	367	1	2	24	58	7	0	57	55	19	0	512	2	68	27	621	0	8	30	469	0	22	0	0	65	122	71	5	28	111	123	10	4065	132	149	0
Philippines	485	30	16	2	49	5	2	3	21	0	2	480	125	0	238	1	285	9	145	0	21	3	0	1	2774	9	16	31	102	12	105	0	209	0	2	10	0	85	135	160	7	6	101	0	39	165	3682	169	81	130	56	115	72	117	2	138	48	4	60	166	2	2	0	11	0	1	86	9	22	4	68	640	139	15	16	1	95	37	4	5	47	0	13	121	2225	10	15	35	94	0	0	8	22	5	0	26	43	11	0	181	1	62	18	170	0	3	14	131	0	11	0	0	14	37	23	2	12	60	55	0	1235	68	150	3
Moldova	56	4	0	2	7	1	0	0	1	0	0	127	39	0	46	1	31	1	12	0	3	1	0	0	395	3	6	2	19	1	10	0	55	0	0	2	0	13	10	22	0	2	24	0	4	7	484	41	2	45	9	26	15	17	0	8	14	0	13	35	1	1	0	3	0	0	17	1	4	1	11	52	17	0	3	0	26	2	0	0	4	0	3	17	15	267	4	5	15	0	0	5	4	0	0	6	1	2	0	39	0	5	0	40	0	0	1	35	0	2	0	0	5	5	7	0	0	7	12	1	198	6	16	0
Morocco	82	9	2	0	16	1	0	1	4	0	1	120	38	0	56	0	55	0	18	0	6	2	0	0	445	2	3	4	35	2	27	0	73	0	0	3	0	17	15	18	0	1	21	0	6	28	657	44	10	26	13	26	18	19	0	17	10	2	7	61	1	0	1	4	0	0	29	2	6	1	15	44	35	0	7	0	23	4	0	2	2	0	5	21	36	1	306	1	23	0	0	3	6	1	0	5	7	1	0	53	1	16	5	27	0	1	3	36	0	1	0	0	5	8	3	0	5	14	24	1	288	17	15	2
Croatia	363	11	3	4	31	3	2	4	12	0	3	543	115	1	194	3	151	5	85	2	3	2	0	0	1610	5	9	21	79	2	37	0	223	0	1	7	0	80	66	83	10	4	118	0	22	48	2699	145	24	135	38	90	52	116	1	50	62	2	31	151	1	2	0	11	0	0	85	7	18	2	62	231	77	4	6	3	99	17	0	0	15	0	14	90	88	12	19	813	89	0	0	23	14	3	0	17	15	11	0	164	0	27	13	160	0	1	8	158	0	7	0	0	17	39	29	0	6	38	25	4	1089	40	51	0
Switzerland	2247	131	29	9	233	24	9	11	53	0	7	3317	699	2	1254	14	664	8	356	3	20	12	0	0	8246	33	55	105	461	14	217	0	1484	4	0	25	0	550	429	688	71	22	549	1	240	197	15955	996	144	841	223	544	328	614	5	186	391	15	235	776	16	10	1	17	0	5	514	24	60	8	451	1613	502	28	52	14	666	97	0	13	141	0	89	616	354	57	73	140	5451	0	0	42	69	15	0	92	112	27	1	862	3	123	38	1037	1	4	57	884	0	40	0	1	90	215	134	3	30	162	220	7	6333	209	287	1
Grenada	0	0	0	0	0	0	0	0	0	0	0	0	0	0	0	0	0	0	0	0	0	0	0	0	0	0	0	0	0	0	0	0	0	0	0	0	0	0	0	0	0	0	0	0	0	0	0	0	0	0	0	0	0	0	0	0	0	0	0	0	0	0	0	0	0	0	0	0	0	0	0	0	0	0	0	0	0	0	0	0	0	0	0	0	0	0	0	0	0	0	0	0	0	0	0	0	0	0	0	0	0	0	0	0	0	0	0	0	0	0	0	0	0	0	0	0	0	0	0	0	0	0	0	0
Belize	1	0	0	0	0	0	0	0	0	0	0	1	0	0	0	0	0	0	0	0	0	0	0	0	0	0	0	0	0	0	0	0	0	0	0	0	0	0	0	0	0	0	0	0	0	0	4	0	0	0	0	0	0	0	0	0	0	0	0	0	0	0	0	0	0	0	0	0	0	0	0	0	0	0	0	0	0	0	0	0	0	0	0	0	0	0	0	0	0	0	7	0	0	0	0	0	0	0	0	0	0	0	0	0	0	0	0	0	0	0	0	0	0	0	0	0	0	0	0	0	1	0	0	0
Uruguay	256	9	5	2	32	4	2	3	2	0	3	213	63	0	89	1	61	0	49	0	2	3	0	0	589	3	7	4	35	0	19	0	120	0	0	6	0	27	28	37	4	5	48	0	18	22	1852	90	11	64	23	33	48	58	0	19	23	2	16	122	2	2	0	3	0	0	45	3	6	2	33	151	45	2	13	1	49	11	0	2	15	0	14	61	50	6	5	13	50	0	1	417	7	0	0	14	11	2	0	88	0	12	6	74	0	3	1	79	0	6	0	0	5	22	17	1	4	25	17	3	540	21	30	0
Lebanon	87	8	1	1	10	2	0	2	7	0	0	102	35	0	69	1	46	0	17	0	0	1	0	0	537	1	2	3	27	1	19	0	45	0	0	1	0	17	16	16	2	6	28	0	11	17	662	34	15	17	19	33	12	28	1	17	9	1	5	32	1	0	0	0	0	0	25	3	3	1	21	66	29	1	2	2	23	4	0	1	8	0	4	21	29	2	5	5	22	0	0	5	441	0	0	6	7	1	0	38	0	13	5	31	0	0	7	47	0	0	0	0	6	8	6	0	1	10	17	0	286	8	28	0
Uzbekistan	36	1	1	1	3	0	0	0	2	0	0	39	13	0	16	0	22	0	6	0	0	0	0	0	210	2	2	4	4	0	5	0	37	0	0	0	0	4	10	8	2	1	6	0	0	4	157	10	3	15	2	7	8	6	1	4	4	0	4	13	1	0	0	1	0	0	8	0	2	0	4	29	12	0	1	0	8	3	0	0	2	0	1	4	15	1	2	1	13	0	0	2	4	76	0	2	5	2	0	15	0	5	2	14	0	0	0	17	0	0	0	0	0	1	0	1	2	2	4	0	57	4	8	0
Dominica	0	0	0	0	0	0	0	0	0	0	0	0	0	0	0	0	0	0	0	0	0	0	0	0	0	0	0	0	0	0	0	0	0	0	0	0	0	0	0	0	0	0	0	0	0	0	0	0	0	0	0	0	0	0	0	0	0	0	0	0	0	0	0	0	0	0	0	0	0	0	0	0	0	0	0	0	0	0	0	0	0	0	0	0	0	0	0	0	0	0	0	0	0	0	0	0	0	0	0	0	0	0	0	0	0	0	0	0	0	0	0	0	0	0	0	0	0	0	0	0	0	0	0	0
Colombia	251	16	1	1	37	4	0	4	5	0	0	193	41	0	100	2	75	0	40	0	6	1	0	0	508	0	6	12	34	0	12	0	103	1	0	5	0	32	31	51	3	5	36	0	18	17	1736	64	15	51	16	47	27	38	0	18	22	0	25	94	3	1	0	7	0	1	46	3	7	4	31	120	38	2	17	1	43	6	0	2	15	0	4	52	34	4	6	9	35	0	1	8	3	1	0	583	10	6	0	53	0	10	5	71	0	0	2	63	0	4	0	0	4	13	3	1	3	25	22	1	461	10	19	2
Taiwan	140	6	0	0	12	2	0	0	1	0	0	125	43	0	61	1	42	0	32	0	0	1	0	0	594	1	1	24	28	1	17	0	79	2	0	0	0	20	28	73	3	1	28	0	7	28	937	43	14	47	10	27	13	11	0	17	13	1	19	59	0	0	0	0	0	1	32	0	0	0	21	89	23	2	2	0	31	7	0	0	8	0	3	30	32	2	4	5	25	0	1	6	4	1	0	5	607	1	0	49	0	13	2	51	0	0	3	43	0	0	0	0	3	14	9	1	4	13	11	1	206	13	31	0
Cyprus	57	5	2	0	10	0	1	0	1	0	0	76	23	0	48	0	23	1	9	0	0	0	0	0	286	2	3	5	20	0	11	0	31	0	0	0	0	8	16	12	1	1	4	0	15	7	421	20	5	9	12	10	7	21	0	9	6	0	4	17	0	0	0	1	0	0	14	0	4	0	10	38	16	1	5	0	18	3	0	0	6	0	2	10	15	3	0	2	22	0	0	1	6	0	0	0	4	227	0	38	0	3	2	23	0	0	2	25	0	0	0	0	3	5	5	1	0	6	6	0	178	4	12	0
Barbados	0	0	0	0	0	0	0	0	0	0	0	0	0	0	0	0	0	0	0	0	0	0	0	0	2	0	0	0	0	0	0	0	0	0	0	0	0	0	0	0	0	0	0	0	0	0	5	0	1	0	0	0	0	0	0	0	0	0	0	0	0	0	0	0	0	0	0	0	0	0	0	1	0	0	0	0	0	0	0	0	0	0	0	0	0	0	0	0	0	0	0	0	0	0	0	0	0	0	2	2	0	0	0	1	0	0	0	1	0	0	0	0	0	0	0	0	0	0	1	0	4	0	0	0
Italy	1790	117	33	8	227	22	8	22	49	1	10	2750	744	2	1122	8	827	14	295	6	18	16	0	0	8242	31	108	119	474	20	292	1	1424	4	0	25	0	405	374	634	73	13	506	2	205	261	12935	848	175	804	240	534	358	475	9	213	305	29	216	828	24	11	1	38	0	2	438	21	68	19	422	1222	491	24	64	16	553	120	1	10	127	0	71	426	429	56	84	133	498	0	1	49	96	14	0	95	128	20	1	6519	3	153	50	890	1	3	57	806	0	31	0	0	94	183	130	5	43	168	204	16	5229	264	316	3
Sudan	5	0	0	0	1	0	0	1	2	0	0	4	4	0	7	0	3	0	0	0	0	0	0	0	23	0	0	0	1	0	0	0	1	0	0	0	0	0	1	0	0	0	0	0	0	1	41	0	0	5	1	1	0	1	1	0	0	0	0	1	0	0	0	0	0	0	3	0	0	0	0	1	1	0	0	0	3	0	0	0	1	0	1	2	1	0	0	1	1	0	0	0	1	0	0	0	0	0	0	4	12	0	0	2	0	0	1	4	0	0	0	0	0	1	0	0	0	0	2	0	19	0	2	0
Nepal	183	12	10	2	19	3	1	5	10	0	1	227	68	0	122	3	224	3	52	2	5	6	0	0	1968	1	16	18	59	15	98	0	122	0	1	9	0	32	76	68	6	3	51	0	14	118	1417	69	42	55	27	61	31	74	1	59	16	6	33	78	1	0	0	4	0	0	49	1	10	0	29	221	77	7	12	0	52	20	0	3	21	1	6	33	164	4	5	19	32	0	0	7	12	2	0	22	18	6	0	111	2	747	10	63	0	1	5	69	0	10	0	0	19	25	9	0	15	22	34	2	539	38	104	1
Venezuela	91	5	0	0	4	2	1	0	0	0	0	64	25	0	36	1	17	0	11	0	0	0	0	0	221	2	3	7	14	0	15	0	43	1	0	0	0	5	6	18	2	0	11	0	5	10	622	22	2	22	13	17	23	8	0	6	10	0	9	43	2	1	0	0	0	0	15	2	9	0	17	32	18	0	2	0	13	4	0	0	2	0	0	17	24	1	5	1	15	0	0	5	0	0	0	4	3	6	0	34	1	4	222	24	0	1	3	21	0	1	0	0	4	0	2	1	2	10	11	0	178	10	5	0
Israel	2193	150	23	10	256	19	5	22	92	1	14	2971	691	0	1106	11	885	13	359	5	15	12	0	0	9953	30	78	141	489	12	254	0	1251	2	1	38	0	463	443	745	66	18	568	2	193	264	15730	947	203	870	225	503	325	541	9	262	334	22	273	814	13	3	3	27	0	0	486	22	84	25	399	1564	607	25	62	13	576	145	5	8	152	0	106	513	464	51	67	129	539	0	0	61	86	20	0	89	120	34	0	892	1	180	37	8088	2	17	69	832	0	31	0	0	92	172	137	7	47	166	239	17	5895	227	386	1
Senegal	1	0	0	0	2	0	0	0	0	0	0	13	5	0	5	0	3	0	0	0	0	0	0	0	19	0	0	0	2	0	1	0	3	0	0	1	0	2	0	0	0	0	1	0	0	0	42	1	0	2	0	1	0	2	0	0	1	0	1	1	0	0	0	0	0	0	1	0	2	0	4	3	0	0	1	0	2	0	0	0	0	0	0	2	0	0	1	0	3	0	0	0	0	0	0	1	0	0	0	5	0	1	0	3	8	0	0	5	0	0	0	0	0	0	1	0	0	0	0	0	23	0	1	0
Zimbabwe	0	0	0	0	0	0	0	0	0	0	0	2	0	0	0	0	0	0	1	0	0	0	0	0	1	0	0	0	0	0	0	0	0	0	0	0	0	0	0	0	0	0	1	0	0	0	2	0	0	0	0	0	0	0	0	0	0	0	0	0	0	0	0	0	0	0	0	0	0	0	0	1	0	0	0	0	0	0	0	0	0	0	0	0	0	0	0	0	0	0	0	0	0	0	0	0	0	0	0	0	0	0	0	0	0	47	0	0	0	0	0	0	0	0	0	0	0	0	0	0	2	0	0	0
Jordan	70	10	1	2	4	1	0	0	2	0	0	96	34	0	38	0	51	0	15	0	2	2	0	0	486	2	3	3	23	2	6	0	54	0	0	0	0	16	25	24	6	2	19	0	7	12	512	37	18	28	10	18	11	25	0	10	12	2	14	30	0	0	0	2	0	0	11	2	5	1	5	60	47	0	4	0	26	5	0	1	4	0	2	21	24	1	2	3	23	0	0	0	6	0	0	3	7	1	0	39	0	10	0	36	0	1	336	33	0	2	0	0	2	6	9	0	2	3	19	0	181	8	13	0
Poland	2413	177	32	19	275	33	10	19	83	1	14	3664	859	0	1363	17	799	13	426	3	34	12	0	0	9643	40	77	146	503	26	321	1	1792	5	3	46	0	524	464	767	86	36	720	0	288	273	16647	988	197	1141	302	593	395	631	17	238	419	14	265	1059	19	6	0	51	0	3	582	21	83	21	526	1590	561	35	95	13	677	123	1	9	162	0	92	566	443	73	85	187	721	1	2	56	98	28	1	127	132	46	1	1076	6	182	48	1090	2	7	54	6608	0	42	1	0	117	279	162	5	45	217	236	24	6390	277	389	1
Eritrea	0	0	0	0	0	0	0	0	0	0	0	0	0	0	0	0	0	0	0	0	0	0	0	0	1	0	0	0	0	0	0	0	0	0	0	0	0	0	0	0	0	0	0	0	0	0	0	0	0	0	0	0	0	0	0	0	0	0	0	0	0	0	0	0	0	0	0	0	0	0	0	0	0	0	0	0	0	0	0	0	0	0	0	0	0	0	0	0	0	0	0	0	0	0	0	0	0	0	0	0	0	0	0	0	0	0	0	0	0	0	0	0	0	0	0	0	0	0	0	0	0	0	0	0
Macedonia	60	7	0	0	7	1	0	0	3	1	0	57	13	0	37	0	30	0	14	1	1	2	0	0	228	0	2	1	19	0	7	0	30	0	0	3	0	10	12	10	1	1	13	0	7	8	397	30	7	15	9	13	7	24	0	7	7	0	1	33	0	0	0	1	0	0	11	1	5	0	12	37	12	0	1	0	17	3	0	0	5	0	0	13	9	1	1	5	12	0	0	3	2	0	0	7	1	0	0	16	0	4	2	25	0	1	2	25	0	250	0	0	2	7	6	0	1	4	11	0	171	8	6	0
North Korea	0	1	0	0	0	0	0	0	0	0	0	0	0	0	1	0	0	0	0	0	0	0	0	0	0	0	0	0	0	0	0	0	1	0	0	0	0	0	0	0	0	0	0	0	0	0	5	0	0	0	0	0	0	0	0	0	0	0	0	0	0	0	0	0	0	0	0	0	0	0	0	1	0	0	0	0	0	0	0	0	0	0	0	0	0	0	0	0	0	0	0	0	0	0	0	0	0	0	0	1	0	0	0	0	0	0	0	0	0	0	0	0	0	0	0	0	0	0	0	0	0	0	0	0
Trinidad and Tobago	0	0	0	0	0	0	0	0	0	0	0	0	0	0	0	0	0	0	0	0	0	0	0	0	2	0	0	0	0	0	0	0	1	0	0	0	0	2	0	0	0	0	0	0	0	0	11	0	0	0	0	0	0	0	0	0	0	0	0	0	0	0	0	0	0	0	0	0	0	0	0	0	1	0	0	0	0	0	0	0	0	0	0	0	0	0	0	0	0	0	0	0	0	0	0	0	0	0	0	2	0	0	0	0	0	0	0	0	0	0	0	1	0	0	0	0	0	0	0	0	3	0	0	0
Latvia	202	20	3	0	18	1	0	2	9	0	0	262	89	0	137	0	69	3	47	0	5	0	0	0	805	1	10	5	42	3	18	0	127	0	0	4	0	60	45	62	11	3	56	0	19	17	1503	105	13	76	32	67	27	67	1	29	32	3	15	70	4	2	0	1	0	0	57	1	7	4	35	172	52	1	11	0	75	9	0	2	17	0	7	66	51	7	4	13	48	0	0	5	11	0	0	10	10	9	0	88	1	13	4	72	2	0	6	74	0	6	0	0	636	14	13	0	3	14	23	0	680	19	27	1
Hungary	599	54	8	0	69	3	2	6	17	0	3	978	226	0	317	2	201	3	102	2	5	6	0	0	2268	7	20	49	130	4	74	0	417	0	1	13	0	145	113	208	15	5	169	0	57	84	4135	276	52	278	79	155	99	151	2	58	104	6	69	245	7	0	1	8	0	0	131	4	20	4	113	407	149	12	29	1	157	34	0	0	48	0	16	154	122	9	23	45	194	0	0	16	13	10	0	36	43	3	0	273	0	48	19	261	1	2	19	249	0	8	0	0	30	1647	44	2	15	43	53	1	1696	67	80	1
Belarus	393	43	8	1	53	3	1	7	17	0	5	618	178	0	219	2	190	2	99	0	7	3	0	0	2144	14	14	42	109	1	60	0	296	0	0	7	0	110	91	149	22	6	180	0	51	48	2965	211	60	263	58	150	101	111	2	47	77	2	52	170	6	2	1	5	0	1	113	3	16	2	82	276	139	4	19	1	138	29	0	2	42	0	18	117	84	11	9	41	121	0	0	14	20	4	0	24	25	5	1	175	0	34	17	229	1	1	15	218	0	10	0	0	26	45	1117	2	10	36	34	4	1342	45	87	0
Honduras	11	0	0	0	2	0	0	0	0	0	0	12	2	0	2	0	2	0	0	0	0	0	0	0	6	0	0	0	1	0	0	0	0	0	0	0	0	0	2	0	0	0	0	0	1	0	49	1	0	0	0	2	0	1	0	0	2	0	0	1	0	0	0	0	0	0	1	0	0	0	0	13	1	0	2	1	1	0	0	1	1	0	0	1	1	0	1	1	0	0	0	0	0	0	0	1	0	0	0	2	0	0	0	3	0	0	0	2	0	0	0	0	0	0	0	16	0	2	0	0	9	0	1	0
Myanmar	38	6	4	0	3	0	0	2	1	0	0	34	13	0	11	1	17	0	15	0	0	1	0	0	268	0	1	8	12	0	8	0	14	0	0	1	0	5	17	11	1	0	8	0	5	12	168	9	7	6	6	11	5	11	1	15	4	0	9	13	1	0	0	2	0	0	4	0	2	0	7	26	21	1	2	0	11	2	0	0	3	0	0	5	21	0	4	1	15	0	0	2	5	0	0	2	4	2	0	14	0	7	2	5	0	0	1	9	0	0	0	0	1	3	3	0	208	3	4	0	48	5	20	0
Mexico	460	23	11	1	69	7	2	6	11	0	1	381	93	0	123	5	106	2	75	1	4	4	0	0	1085	5	10	13	54	2	25	0	144	0	0	10	0	61	45	83	8	7	65	0	33	35	3490	126	23	83	37	75	44	84	1	34	42	4	33	176	1	1	0	8	0	0	65	4	7	4	46	322	46	1	19	4	71	18	0	1	25	0	7	60	63	6	13	12	74	0	1	13	17	0	0	31	20	9	0	126	1	28	12	122	0	0	8	94	0	6	0	0	13	27	15	0	3	1130	28	1	773	28	33	1
Egypt	160	16	3	1	20	2	0	2	18	0	1	229	69	0	122	1	132	4	40	0	2	8	0	0	1119	5	14	12	61	2	34	0	119	0	0	7	0	23	50	68	4	6	56	0	12	41	1427	91	22	86	14	48	38	60	1	36	19	1	21	73	3	0	0	3	0	0	43	4	14	6	32	150	71	5	2	2	55	15	0	4	16	0	11	52	71	4	12	8	41	0	0	5	15	2	0	15	17	8	0	86	0	20	11	93	0	0	14	60	0	2	0	0	13	17	9	1	6	25	965	0	582	30	37	0
Cuba	54	1	0	0	9	0	0	1	1	0	0	48	15	0	29	0	11	0	5	0	1	0	0	0	128	0	1	1	10	0	3	0	48	0	0	4	0	7	10	8	1	0	10	0	3	3	312	9	1	21	6	7	9	7	1	1	7	0	3	21	0	1	0	2	0	0	9	1	0	2	5	17	14	1	3	1	7	1	0	0	1	0	1	6	9	0	5	1	8	0	0	2	2	0	0	7	2	1	0	31	0	3	1	11	0	0	1	19	0	0	0	0	4	5	2	1	1	6	5	137	73	7	6	0
United Kingdom	20053	1186	243	81	2097	164	49	141	474	3	56	26606	5990	2	11670	101	6363	92	3345	38	242	138	1	2	68664	261	561	934	4085	105	1717	1	11666	24	5	264	2	4798	3308	5134	786	228	4502	6	1995	1657	150543	9595	1362	7274	2137	4934	3043	6046	47	1630	3123	165	2003	6935	153	61	11	252	0	9	4978	230	599	150	3593	14762	4063	257	626	121	5811	958	9	65	1231	1	805	5636	3339	476	434	1277	5107	3	8	459	814	113	0	812	942	310	7	8160	18	1131	318	9250	11	96	378	7153	0	339	5	7	991	1821	1239	58	242	1397	1696	75	111570	2003	2291	16
Greece	648	36	7	2	83	5	1	9	34	0	4	943	226	0	393	4	315	8	131	2	11	7	0	0	2970	9	28	44	177	2	104	0	410	3	0	16	0	132	135	219	23	10	151	1	64	72	4701	289	48	232	77	151	123	180	2	79	110	8	62	273	5	1	0	15	0	0	139	8	28	8	132	496	201	12	23	3	182	31	1	4	34	0	21	191	137	13	25	41	169	0	0	16	30	4	0	25	33	25	0	306	1	56	19	318	0	5	22	272	0	21	0	0	31	53	45	2	7	64	71	4	1992	1475	115	1
Sri Lanka	355	23	10	4	38	4	3	5	7	0	3	363	156	2	203	1	323	2	79	1	6	3	0	0	3492	12	26	39	132	12	141	0	244	0	1	4	0	81	126	138	7	4	119	0	43	134	2373	121	66	125	49	87	69	152	0	96	53	5	29	186	4	1	0	6	0	0	86	4	28	4	63	372	175	9	20	1	103	30	1	5	31	0	15	81	231	11	15	21	82	0	0	12	24	3	0	30	45	8	0	231	1	71	15	148	4	2	8	152	0	5	1	0	8	25	28	1	17	44	73	9	918	32	1713	0
Fiji	3	0	0	0	0	0	0	0	0	0	0	3	0	0	0	0	0	0	0	0	0	0	0	0	17	0	0	0	0	0	1	0	0	0	0	0	0	1	1	0	0	0	1	0	0	1	35	2	0	0	0	2	2	2	0	1	1	0	0	1	0	0	0	0	0	0	1	0	0	0	0	11	0	0	0	0	3	0	0	0	1	0	0	0	2	0	0	0	2	0	0	0	0	0	0	0	0	0	0	2	0	0	0	3	0	0	0	2	0	0	0	0	0	1	0	0	0	1	1	0	17	0	0	12
